Original_Index,Selected_Index,Correlation
3,1,0.218166
11,2,-0.218426
27,3,-0.217877
61,4,0.487107
62,5,-0.303406
65,6,-0.218773
66,7,0.200411
67,8,0.218105
69,9,-0.211012
79,10,-0.217929
80,11,-0.210297
81,12,0.214648
82,13,0.147645
83,14,-0.218139
85,15,0.218857
87,16,-0.199068
89,17,-0.143085
91,18,-0.219420
92,19,-0.143270
93,20,0.217924
95,21,-0.142415
106,22,-0.163302
108,23,-0.218815
109,24,-0.210182
110,25,-0.213551
111,26,0.215308
112,27,-0.215067
113,28,0.113499
115,29,0.218151
116,30,0.217524
117,31,0.189239
119,32,-0.201164
120,33,-0.216610
121,34,0.212689
131,35,0.204136
132,36,0.175400
134,37,0.226948
135,38,0.228901
136,39,0.240426
140,40,0.145345
141,41,0.195677
142,42,0.193619
143,43,0.230736
144,44,0.240871
145,45,0.174080
146,46,0.202411
147,47,0.225797
148,48,0.240845
149,49,-0.165952
150,50,0.226709
151,51,0.219492
152,52,0.238574
153,53,0.196489
154,54,0.205839
155,55,0.224334
156,56,0.208980
157,57,0.222326
159,58,0.227735
160,59,0.240872
161,60,0.238013
162,61,0.119051
163,62,0.194239
164,63,0.242621
165,64,0.226703
166,65,0.174690
167,66,0.231539
168,67,0.241799
170,68,0.107239
171,69,0.220609
172,70,0.252258
173,71,0.196946
174,72,0.194021
175,73,0.237662
176,74,0.245426
177,75,0.223097
179,76,0.267353
180,77,0.270218
181,78,0.235559
182,79,0.258945
183,80,0.180406
184,81,0.268384
185,82,0.247748
186,83,0.214672
187,84,0.267260
188,85,0.285161
189,86,0.213056
190,87,0.254101
191,88,0.266098
192,89,0.269430
193,90,0.258496
194,91,0.260022
195,92,0.263316
196,93,0.302549
197,94,0.254430
198,95,0.290744
199,96,0.292496
200,97,0.306045
201,98,0.247874
202,99,0.302791
203,100,0.259927
204,101,0.305626
205,102,0.245817
206,103,0.310627
207,104,0.306053
208,105,0.322811
210,106,-0.185661
213,107,0.109050
214,108,0.155498
215,109,0.159911
216,110,0.162730
217,111,-0.393585
218,112,-0.402261
219,113,-0.338080
220,114,-0.295625
221,115,-0.285216
222,116,-0.284090
223,117,-0.268803
224,118,-0.299749
227,119,-0.206150
228,120,-0.144253
230,121,-0.316378
231,122,-0.202424
232,123,-0.216322
233,124,0.291537
234,125,0.241921
235,126,0.150564
236,127,0.171691
238,128,-0.272459
239,129,-0.153657
240,130,-0.153084
241,131,0.201965
242,132,0.162643
243,133,0.139079
244,134,0.153374
245,135,0.322707
248,136,-0.109223
251,137,0.126934
252,138,0.120058
253,139,0.172291
254,140,0.249431
257,141,-0.254514
262,142,0.148676
265,143,0.160206
266,144,0.136720
268,145,-0.208229
269,146,-0.274109
270,147,0.116609
273,148,0.126282
274,149,0.396685
275,150,0.148997
276,151,-0.115443
277,152,-0.276312
280,153,-0.227041
282,154,0.137952
284,155,-0.183419
285,156,-0.147995
286,157,-0.230378
287,158,0.195779
289,159,-0.117553
290,160,-0.226548
293,161,-0.154664
294,162,-0.160127
295,163,0.123604
297,164,-0.290214
298,165,-0.258870
302,166,-0.173306
303,167,-0.145602
306,168,0.119448
307,169,0.249860
311,170,-0.277778
312,171,0.127672
313,172,0.259722
314,173,0.328493
315,174,0.311240
319,175,-0.165331
320,176,0.364338
321,177,0.186039
322,178,0.166632
323,179,0.344042
325,180,-0.136420
326,181,0.106144
327,182,-0.214825
328,183,0.210492
329,184,0.108764
331,185,0.329173
334,186,0.174744
335,187,-0.168055
336,188,0.147935
337,189,-0.125317
338,190,-0.273738
339,191,0.121030
343,192,-0.158873
346,193,-0.164448
351,194,-0.119605
352,195,-0.145865
353,196,0.293054
354,197,0.260185
357,198,0.268761
361,199,0.198533
362,200,0.352656
363,201,0.240922
364,202,0.172463
365,203,0.263815
366,204,0.319017
369,205,0.124330
370,206,0.246971
371,207,0.240360
372,208,0.190198
373,209,0.217518
374,210,0.306929
377,211,-0.295908
378,212,-0.177048
379,213,-0.174273
380,214,-0.402060
381,215,-0.186801
382,216,0.198380
385,217,-0.303305
386,218,-0.307876
389,219,-0.109555
390,220,-0.169689
393,221,0.223680
394,222,-0.240711
398,223,-0.240163
401,224,0.185684
406,225,-0.115894
409,226,0.120600
413,227,-0.344350
414,228,-0.135389
415,229,-0.165784
416,230,-0.393616
418,231,-0.346490
419,232,-0.423788
420,233,-0.402902
421,234,-0.387666
422,235,-0.209578
429,236,0.152977
430,237,-0.353883
431,238,-0.126172
433,239,0.238208
437,240,0.130001
438,241,-0.321086
439,242,-0.121029
441,243,0.129506
442,244,0.160749
445,245,0.320775
449,246,-0.119853
450,247,-0.161705
451,248,-0.132650
452,249,-0.106194
455,250,-0.156033
456,251,-0.363118
457,252,-0.375704
458,253,-0.391280
459,254,-0.424621
460,255,-0.420136
461,256,-0.105842
462,257,-0.357045
465,258,-0.299757
466,259,-0.229897
469,260,-0.102382
470,261,-0.361481
471,262,-0.127753
475,263,0.294386
476,264,0.312145
477,265,0.201786
478,266,-0.310475
479,267,-0.124822
481,268,0.321340
482,269,0.409101
483,270,0.234966
484,271,0.224086
485,272,0.156816
488,273,-0.108245
489,274,0.214323
490,275,0.454848
491,276,0.153542
492,277,0.125289
493,278,-0.125912
495,279,-0.162792
496,280,-0.364284
499,281,-0.309155
500,282,-0.324536
501,283,-0.201067
502,284,-0.204926
503,285,-0.103915
505,286,-0.335498
507,287,-0.120462
510,288,-0.356980
511,289,-0.116553
512,290,0.253650
515,291,0.251017
516,292,0.266070
517,293,0.287578
520,294,0.196108
521,295,0.253695
522,296,0.303786
523,297,0.278724
524,298,0.200928
525,299,0.218336
526,300,0.292002
529,301,0.143036
530,302,0.450281
531,303,0.200197
532,304,0.110561
533,305,-0.184967
534,306,0.352298
536,307,-0.337655
538,308,0.139915
539,309,-0.197060
540,310,-0.319724
541,311,-0.332817
542,312,0.119223
545,313,-0.335255
547,314,-0.113322
548,315,-0.111601
550,316,-0.106487
552,317,0.318905
554,318,0.122528
555,319,0.265896
556,320,0.283455
557,321,0.346452
558,322,-0.283761
560,323,0.198248
561,324,0.276352
562,325,0.358386
563,326,0.240160
564,327,0.213497
565,328,0.213586
567,329,0.240187
568,330,0.117266
569,331,0.180702
570,332,0.477069
571,333,0.162704
572,334,0.111177
573,335,-0.111695
574,336,0.279352
575,337,0.133453
576,338,-0.325198
578,339,0.205898
579,340,-0.155203
580,341,-0.273112
581,342,-0.316254
582,343,0.203869
583,344,0.188024
584,345,-0.233096
585,346,-0.307440
587,347,-0.188321
588,348,-0.137737
592,349,0.199241
593,350,-0.111903
596,351,0.109402
597,352,0.218266
598,353,-0.190184
600,354,0.145097
601,355,0.124063
602,356,0.130314
605,357,0.109615
607,358,0.125121
609,359,0.126775
610,360,0.186324
613,361,-0.129061
614,362,0.182304
615,363,0.139985
616,364,-0.256548
619,365,-0.267896
620,366,-0.261765
621,367,-0.280031
623,368,0.134524
624,369,-0.262659
625,370,-0.273379
626,371,-0.160863
627,372,-0.294336
628,373,-0.284130
629,374,-0.138803
630,375,-0.180560
633,376,-0.253909
634,377,-0.192540
638,378,-0.326695
641,379,-0.119245
642,380,-0.209966
643,381,-0.166761
644,382,-0.155473
645,383,-0.126724
646,384,-0.216275
649,385,-0.167235
650,386,-0.130413
651,387,-0.169202
652,388,-0.173974
653,389,-0.280660
654,390,-0.148558
656,391,-0.257367
657,392,-0.175864
658,393,-0.202791
659,394,-0.257357
660,395,-0.251614
661,396,-0.318347
662,397,-0.200690
664,398,-0.256270
665,399,-0.276095
666,400,-0.248098
667,401,-0.246867
668,402,-0.244593
669,403,-0.154373
670,404,-0.238870
671,405,-0.136179
673,406,-0.160407
674,407,-0.129181
677,408,-0.135076
678,409,-0.273606
679,410,-0.136323
680,411,-0.123484
682,412,-0.144602
683,413,-0.135861
684,414,-0.137072
685,415,-0.180938
686,416,-0.178894
687,417,-0.103215
688,418,-0.164278
689,419,-0.100043
690,420,-0.129612
691,421,-0.146510
692,422,-0.137298
693,423,-0.228861
695,424,-0.134351
696,425,-0.233680
697,426,-0.183121
698,427,-0.185701
699,428,-0.204774
700,429,-0.194684
701,430,-0.222804
702,431,-0.139535
703,432,-0.135742
704,433,-0.241210
705,434,-0.243983
706,435,-0.237477
707,436,-0.248515
708,437,-0.236257
709,438,-0.199554
710,439,-0.225593
711,440,-0.149079
713,441,-0.147415
718,442,-0.261581
719,443,-0.161136
720,444,-0.139401
723,445,-0.112748
724,446,-0.105609
725,447,-0.121370
726,448,-0.174796
727,449,-0.112994
728,450,-0.127373
729,451,-0.128630
731,452,-0.135704
732,453,-0.123150
733,454,-0.190478
735,455,-0.134634
736,456,-0.188776
737,457,-0.145100
738,458,-0.136932
739,459,-0.154126
740,460,-0.138375
741,461,-0.217290
742,462,-0.134456
743,463,-0.116119
744,464,-0.220643
745,465,-0.223011
746,466,-0.246975
747,467,-0.251164
748,468,-0.255330
749,469,-0.213529
750,470,-0.240535
751,471,-0.123125
753,472,-0.213894
754,473,-0.192399
755,474,-0.119501
756,475,-0.123418
757,476,-0.116729
758,477,-0.226797
759,478,-0.153514
760,479,-0.126525
761,480,-0.130684
762,481,-0.174922
763,482,-0.117448
764,483,-0.133574
765,484,-0.143965
766,485,-0.208761
767,486,-0.127636
768,487,-0.119817
769,488,-0.144860
770,489,-0.133829
771,490,-0.141798
772,491,-0.142857
773,492,-0.154060
774,493,-0.119359
775,494,-0.121812
776,495,-0.148884
777,496,-0.145059
778,497,-0.142348
779,498,-0.143016
780,499,-0.123674
781,500,-0.243098
782,501,-0.126177
783,502,-0.115458
784,503,-0.228015
785,504,-0.226725
786,505,-0.251802
787,506,-0.243539
788,507,-0.248178
789,508,-0.251346
790,509,-0.158706
791,510,-0.136847
792,511,-0.133195
793,512,-0.156894
794,513,-0.222710
795,514,-0.114554
796,515,-0.104640
797,516,-0.127143
798,517,-0.209428
799,518,-0.136977
800,519,-0.123086
801,520,-0.140564
802,521,-0.211352
803,522,-0.122893
804,523,-0.114007
805,524,-0.145047
806,525,-0.212623
807,526,-0.130773
808,527,-0.119928
809,528,-0.136248
810,529,-0.140847
811,530,-0.122442
812,531,-0.117346
813,532,-0.159473
814,533,-0.118348
815,534,-0.124806
816,535,-0.140527
817,536,-0.157182
818,537,-0.137206
819,538,-0.133347
820,539,-0.107839
821,540,-0.234389
822,541,-0.142951
823,542,-0.144683
824,543,-0.243572
825,544,-0.163664
826,545,-0.175225
827,546,-0.170564
828,547,-0.159305
829,548,-0.144669
830,549,-0.141626
831,550,-0.126578
832,551,-0.120165
833,552,-0.151876
834,553,-0.154051
835,554,-0.114604
836,555,-0.109938
837,556,-0.125916
838,557,-0.222810
839,558,-0.145560
840,559,-0.117200
841,560,-0.135620
842,561,-0.156642
843,562,-0.135628
844,563,-0.131683
845,564,-0.141167
846,565,-0.218173
847,566,-0.135178
848,567,-0.120747
849,568,-0.131851
850,569,-0.115727
851,570,-0.113359
852,571,-0.111828
853,572,-0.156740
854,573,-0.129500
855,574,-0.131425
856,575,-0.149910
857,576,-0.152534
858,577,-0.147394
859,578,-0.142167
860,579,-0.123767
861,580,-0.234485
862,581,-0.120153
863,582,-0.111463
864,583,-0.227542
865,584,-0.150178
866,585,-0.132865
867,586,-0.124098
868,587,-0.120167
869,588,-0.135683
870,589,-0.140728
871,590,-0.133805
872,591,-0.132197
873,592,-0.142004
874,593,-0.125282
875,594,-0.113272
876,595,-0.106580
877,596,-0.128070
878,597,-0.154071
879,598,-0.129261
880,599,-0.122989
881,600,-0.129498
882,601,-0.124644
883,602,-0.110506
884,603,-0.116016
885,604,-0.129281
886,605,-0.137906
887,606,-0.116998
888,607,-0.108640
889,608,-0.120384
890,609,-0.117660
891,610,-0.114407
892,611,-0.103402
893,612,-0.137482
894,613,-0.120132
895,614,-0.116794
896,615,-0.142839
897,616,-0.126645
898,617,-0.132361
899,618,-0.130351
900,619,-0.108805
901,620,-0.137342
902,621,-0.103833
903,622,-0.108951
904,623,-0.134349
905,624,-0.139399
906,625,-0.125333
907,626,-0.110970
908,627,-0.113706
909,628,-0.124937
910,629,-0.127063
911,630,-0.123167
912,631,-0.113866
913,632,-0.118676
914,633,-0.119433
915,634,-0.108984
916,635,-0.106418
917,636,-0.120964
918,637,-0.132017
919,638,-0.119369
920,639,-0.119669
921,640,-0.122707
922,641,-0.113539
923,642,-0.117488
924,643,-0.103380
925,644,-0.121877
926,645,-0.120066
927,646,-0.110857
928,647,-0.115544
929,648,-0.131032
930,649,-0.116434
931,650,-0.107869
932,651,-0.110775
933,652,-0.143979
934,653,-0.115203
935,654,-0.121175
936,655,-0.130146
937,656,-0.132498
938,657,-0.123731
939,658,-0.134338
940,659,-0.103383
941,660,-0.133076
942,661,-0.112779
943,662,-0.117017
944,663,-0.119822
945,664,-0.144465
946,665,-0.113918
947,666,-0.127847
948,667,-0.117855
949,668,-0.124126
950,669,-0.123431
951,670,-0.141686
952,671,-0.113432
953,672,-0.140275
954,673,-0.112712
955,674,-0.113230
956,675,-0.102885
957,676,-0.140401
958,677,-0.132795
959,678,-0.132282
960,679,-0.110273
961,680,-0.122155
962,681,-0.110537
963,682,-0.126437
965,683,-0.137209
966,684,-0.111328
967,685,-0.125557
968,686,-0.114542
969,687,-0.133845
970,688,-0.111022
971,689,-0.141346
972,690,-0.108842
973,691,-0.139484
974,692,-0.116229
975,693,-0.130582
976,694,-0.128139
977,695,-0.145666
978,696,-0.121264
979,697,-0.126826
980,698,-0.103235
981,699,-0.127066
982,700,-0.117486
983,701,-0.136875
984,702,-0.115458
985,703,-0.125736
986,704,-0.110447
987,705,-0.131349
988,706,-0.131091
989,707,-0.156627
990,708,-0.139499
991,709,-0.137771
992,710,-0.120701
993,711,-0.161234
994,712,-0.148223
995,713,-0.155101
996,714,-0.125981
997,715,-0.129640
998,716,-0.128195
999,717,-0.134362
1000,718,-0.123725
1001,719,-0.157218
1002,720,-0.120202
1003,721,-0.127898
1004,722,-0.127443
1005,723,-0.161575
1006,724,-0.137283
1007,725,-0.147132
1008,726,-0.127818
1009,727,-0.143215
1010,728,-0.140136
1011,729,-0.134769
1012,730,-0.104128
1013,731,-0.159920
1014,732,-0.127913
1015,733,-0.130325
1016,734,-0.127942
1017,735,-0.137730
1018,736,-0.138430
1019,737,-0.153493
1020,738,-0.120813
1021,739,-0.138240
1022,740,-0.120072
1023,741,-0.124216
1024,742,-0.136072
1025,743,0.331562
1026,744,0.338692
1027,745,-0.218947
1028,746,-0.137255
1030,747,0.175669
1031,748,-0.125067
1033,749,0.224339
1034,750,0.376242
1035,751,-0.174444
1036,752,-0.135842
1037,753,0.295135
1038,754,0.391765
1039,755,-0.119012
1040,756,-0.127016
1041,757,0.225037
1042,758,0.365893
1045,759,0.335935
1046,760,0.424406
1048,761,-0.176199
1049,762,0.349616
1050,763,0.472670
1053,764,0.360111
1054,765,0.417633
1055,766,-0.110246
1057,767,0.391127
1058,768,0.456116
1059,769,-0.135193
1060,770,-0.218680
1061,771,0.372215
1062,772,0.378813
1065,773,0.436583
1066,774,0.437199
1069,775,0.370330
1070,776,0.495950
1072,777,-0.137720
1073,778,0.358563
1074,779,0.423031
1075,780,-0.117262
1077,781,0.309237
1078,782,0.455240
1079,783,-0.120375
1080,784,-0.125286
1081,785,0.392267
1082,786,0.429503
1085,787,0.340625
1086,788,0.341600
1088,789,-0.162019
1089,790,0.373204
1090,791,0.440798
1091,792,-0.129401
1093,793,0.356541
1094,794,0.371809
1095,795,-0.136872
1097,796,0.343886
1098,797,0.474773
1101,798,0.344263
1102,799,0.365980
1103,800,-0.100511
1104,801,-0.181421
1105,802,0.271004
1106,803,0.346711
1107,804,-0.106410
1108,805,-0.180436
1109,806,0.326385
1110,807,0.407838
1111,808,-0.177702
1112,809,-0.103318
1113,810,0.353910
1114,811,0.421426
1115,812,-0.127852
1116,813,-0.144405
1117,814,0.390833
1118,815,0.456196
1119,816,-0.154713
1121,817,0.347643
1122,818,0.420173
1123,819,-0.120934
1125,820,0.380802
1126,821,0.316686
1127,822,-0.238474
1128,823,-0.136378
1129,824,0.307426
1130,825,0.359267
1131,826,-0.119820
1133,827,0.382669
1134,828,0.450861
1135,829,-0.187374
1136,830,-0.150018
1137,831,0.322093
1138,832,0.419109
1139,833,-0.134608
1140,834,-0.102355
1141,835,0.320587
1142,836,0.433579
1143,837,-0.102558
1145,838,0.334183
1146,839,0.431419
1147,840,-0.156855
1148,841,-0.116547
1149,842,0.389080
1150,843,0.454866
1151,844,-0.103474
1153,845,0.355977
1154,846,0.460054
1157,847,0.384884
1158,848,0.360120
1159,849,-0.130728
1161,850,0.375290
1162,851,0.444661
1165,852,0.330304
1166,853,0.331153
1167,854,-0.167970
1168,855,-0.174626
1169,856,0.334850
1170,857,0.383180
1171,858,-0.105336
1173,859,0.344698
1174,860,0.382503
1175,861,-0.183913
1176,862,-0.107328
1177,863,0.368925
1178,864,0.394124
1179,865,-0.139311
1180,866,-0.158391
1181,867,0.362289
1182,868,0.424674
1183,869,-0.176132
1184,870,-0.145885
1185,871,0.317787
1186,872,0.342349
1187,873,-0.140310
1188,874,-0.130548
1189,875,0.391826
1190,876,0.389776
1191,877,-0.172721
1192,878,-0.129093
1193,879,0.281126
1194,880,0.339336
1195,881,-0.141556
1196,882,-0.187950
1197,883,0.285239
1198,884,0.358036
1199,885,-0.161830
1200,886,-0.104083
1201,887,0.300845
1202,888,0.354108
1203,889,-0.119549
1205,890,0.304922
1206,891,0.363592
1207,892,-0.133179
1208,893,-0.119830
1209,894,0.284118
1210,895,0.366639
1211,896,-0.121109
1213,897,0.353233
1214,898,0.390232
1215,899,-0.128445
1217,900,0.348636
1218,901,0.351770
1219,902,-0.105128
1221,903,0.378050
1222,904,0.393525
1223,905,-0.133221
1224,906,-0.134723
1225,907,0.343004
1226,908,0.422124
1229,909,0.331661
1230,910,0.359523
1231,911,-0.143396
1233,912,0.293771
1234,913,0.367774
1235,914,-0.174179
1236,915,-0.147398
1237,916,0.336079
1238,917,0.328079
1239,918,-0.170998
1240,919,-0.186261
1241,920,0.287016
1242,921,0.368994
1243,922,-0.128732
1244,923,-0.126088
1245,924,0.350790
1246,925,0.354186
1247,926,-0.126918
1248,927,-0.172172
1249,928,0.244294
1250,929,0.296273
1251,930,-0.196277
1253,931,0.311995
1254,932,0.392385
1255,933,-0.145839
1256,934,-0.104856
1257,935,0.289689
1258,936,0.346756
1259,937,-0.260752
1260,938,-0.156182
1261,939,0.337439
1262,940,0.316948
1263,941,-0.221982
1264,942,-0.169513
1265,943,0.286514
1266,944,0.358658
1269,945,0.334365
1270,946,0.292906
1271,947,-0.128872
1272,948,-0.121990
1273,949,0.295763
1274,950,0.383315
1275,951,-0.235860
1276,952,-0.142854
1277,953,0.341979
1278,954,0.340272
1279,955,-0.171574
1280,956,-0.139999
1281,957,0.242998
1282,958,0.368966
1283,959,-0.137422
1284,960,-0.145975
1285,961,0.328821
1286,962,0.316130
1287,963,-0.167209
1288,964,-0.157777
1289,965,0.263827
1290,966,0.337268
1291,967,-0.173320
1292,968,-0.103674
1293,969,0.317268
1294,970,0.315025
1295,971,-0.160812
1296,972,-0.113324
1297,973,0.364527
1298,974,0.339426
1299,975,-0.116416
1300,976,-0.111004
1301,977,0.379483
1302,978,0.414818
1303,979,-0.121795
1304,980,-0.111839
1305,981,0.317383
1306,982,0.347050
1307,983,-0.185796
1309,984,0.356528
1310,985,0.379764
1311,986,-0.221788
1312,987,-0.136600
1313,988,0.332540
1314,989,0.417465
1315,990,-0.106351
1317,991,0.347530
1318,992,0.373109
1319,993,-0.202805
1320,994,-0.167415
1321,995,0.268494
1322,996,0.353747
1323,997,-0.150453
1325,998,0.307193
1326,999,0.342013
1327,1000,-0.199313
1328,1001,-0.165610
1329,1002,0.287362
1330,1003,0.353042
1331,1004,-0.133857
1332,1005,-0.144465
1333,1006,0.315698
1334,1007,0.336119
1335,1008,-0.189009
1336,1009,-0.134607
1337,1010,0.287660
1338,1011,0.356574
1339,1012,-0.109763
1341,1013,0.358269
1342,1014,0.383110
1343,1015,-0.147254
1345,1016,0.261941
1346,1017,0.324216
1347,1018,-0.160675
1348,1019,-0.181988
1349,1020,0.357050
1350,1021,0.320487
1351,1022,-0.145722
1353,1023,0.317380
1354,1024,0.382240
1355,1025,-0.217457
1356,1026,-0.125304
1357,1027,0.410897
1358,1028,0.402655
1359,1029,-0.114254
1360,1030,-0.113326
1361,1031,0.310862
1362,1032,0.374496
1363,1033,-0.243616
1364,1034,-0.190491
1365,1035,0.274180
1366,1036,0.238919
1367,1037,-0.201545
1368,1038,-0.176438
1369,1039,0.312338
1370,1040,0.302898
1371,1041,-0.151747
1373,1042,0.350227
1374,1043,0.386929
1375,1044,-0.123790
1377,1045,0.330203
1378,1046,0.389007
1380,1047,-0.153748
1381,1048,0.305698
1382,1049,0.305227
1383,1050,-0.182336
1384,1051,-0.147092
1385,1052,0.330936
1386,1053,0.331066
1387,1054,-0.197649
1388,1055,-0.122958
1389,1056,0.308296
1390,1057,0.287118
1391,1058,-0.212724
1392,1059,-0.100172
1393,1060,0.255812
1394,1061,0.341237
1395,1062,-0.163309
1397,1063,0.291188
1398,1064,0.320343
1400,1065,-0.126331
1401,1066,0.334492
1402,1067,0.280623
1403,1068,-0.176218
1405,1069,0.290520
1406,1070,0.313326
1407,1071,-0.112326
1409,1072,0.284311
1410,1073,0.333453
1411,1074,-0.140087
1412,1075,-0.185387
1413,1076,0.235872
1414,1077,0.306993
1415,1078,-0.150368
1416,1079,-0.189803
1417,1080,0.279369
1418,1081,0.381486
1419,1082,-0.167001
1421,1083,0.265030
1422,1084,0.390289
1423,1085,-0.126998
1424,1086,-0.134017
1425,1087,0.289570
1426,1088,0.324184
1427,1089,-0.117534
1428,1090,-0.118207
1429,1091,0.294899
1430,1092,0.266125
1431,1093,-0.216961
1432,1094,-0.126559
1433,1095,0.290817
1434,1096,0.343666
1435,1097,-0.105081
1437,1098,0.284604
1438,1099,0.374618
1439,1100,-0.118111
1440,1101,-0.102920
1441,1102,0.270945
1442,1103,0.349254
1445,1104,0.244617
1446,1105,0.245996
1447,1106,-0.151918
1448,1107,-0.162230
1449,1108,0.239553
1450,1109,0.300529
1451,1110,-0.141215
1452,1111,-0.143232
1453,1112,0.209531
1454,1113,0.284540
1455,1114,-0.184107
1456,1115,-0.138712
1457,1116,0.233695
1458,1117,0.356402
1460,1118,-0.126505
1461,1119,0.224437
1462,1120,0.302839
1463,1121,-0.160539
1464,1122,-0.149661
1465,1123,0.254488
1466,1124,0.343077
1468,1125,-0.171915
1469,1126,0.244865
1470,1127,0.271990
1471,1128,-0.102931
1472,1129,-0.133320
1473,1130,0.188662
1474,1131,0.297271
1475,1132,-0.154666
1476,1133,-0.170462
1477,1134,0.272941
1478,1135,0.290974
1479,1136,-0.142965
1480,1137,-0.105083
1481,1138,0.251495
1482,1139,0.257940
1484,1140,-0.107973
1485,1141,0.156210
1486,1142,0.258099
1487,1143,-0.155589
1489,1144,0.155047
1490,1145,0.211750
1491,1146,-0.153035
1493,1147,0.165459
1494,1148,0.255570
1495,1149,-0.153026
1497,1150,0.144929
1498,1151,0.211981
1499,1152,-0.170310
1501,1153,0.151903
1502,1154,0.273889
1505,1155,0.163593
1506,1156,0.247676
1508,1157,-0.125134
1509,1158,0.160672
1510,1159,0.231337
1513,1160,0.193409
1514,1161,0.235408
1515,1162,-0.103888
1517,1163,0.138314
1518,1164,0.247404
1521,1165,0.195516
1522,1166,0.211187
1525,1167,0.158369
1526,1168,0.247566
1528,1169,-0.105134
1529,1170,0.146090
1530,1171,0.248183
1533,1172,0.110560
1534,1173,0.210768
1538,1174,0.115769
1541,1175,0.127711
1542,1176,0.196652
1545,1177,0.151173
1546,1178,0.213206
1548,1179,-0.107757
1549,1180,0.102243
1550,1181,0.166484
1553,1182,0.116977
1554,1183,0.113130
1556,1184,-0.126507
1557,1185,0.103026
1558,1186,0.119603
1560,1187,-0.106914
1561,1188,0.130435
1562,1189,0.168816
1566,1190,0.111542
1568,1191,-0.107641
1570,1192,0.119335
1572,1193,-0.116119
1573,1194,0.124292
1574,1195,0.187529
1578,1196,0.155578
1584,1197,-0.126080
1585,1198,0.107724
1586,1199,0.147362
1588,1200,-0.100035
1589,1201,0.122263
1590,1202,0.129877
1593,1203,0.110054
1594,1204,0.126222
1601,1205,0.154766
1602,1206,0.142606
1605,1207,0.114515
1606,1208,0.158085
1609,1209,0.113715
1610,1210,0.136641
1617,1211,0.145571
1618,1212,0.125273
1621,1213,0.140438
1622,1214,0.181144
1625,1215,0.170149
1626,1216,0.153602
1629,1217,0.123160
1630,1218,0.157765
1633,1219,0.195804
1634,1220,0.112275
1637,1221,0.107894
1638,1222,0.113714
1641,1223,0.219066
1642,1224,0.161565
1645,1225,0.124930
1649,1226,0.180186
1652,1227,-0.154063
1657,1228,0.188027
1658,1229,0.121729
1660,1230,-0.113089
1661,1231,0.137479
1665,1232,0.182325
1668,1233,-0.139969
1669,1234,0.121651
1673,1235,0.155875
1674,1236,0.131377
1676,1237,-0.108730
1677,1238,0.162818
1681,1239,0.169462
1682,1240,0.105075
1685,1241,0.132198
1687,1242,0.107715
1689,1243,0.165596
1693,1244,0.199244
1695,1245,0.149619
1697,1246,0.150915
1700,1247,-0.110423
1705,1248,0.174567
1706,1249,0.124428
1707,1250,0.144221
1713,1251,0.178947
1715,1252,0.115551
1717,1253,0.168590
1719,1254,0.100621
1720,1255,-0.102577
1721,1256,0.104836
1722,1257,0.118280
1725,1258,0.112657
1727,1259,0.132257
1729,1260,0.155528
1733,1261,0.122515
1734,1262,0.111023
1735,1263,0.190252
1737,1264,0.103224
1738,1265,0.137553
1739,1266,0.125759
1741,1267,0.171995
1745,1268,0.129246
1749,1269,0.126911
1751,1270,0.126674
1761,1271,0.182400
1767,1272,0.120454
1769,1273,0.131922
1777,1274,0.142975
1782,1275,0.143147
1783,1276,0.186040
1785,1277,0.158706
1787,1278,0.125394
1789,1279,0.105613
1791,1280,0.102793
1793,1281,0.154782
1795,1282,0.146579
1797,1283,0.154612
1798,1284,0.130744
1799,1285,0.173316
1801,1286,0.175636
1802,1287,0.125315
1803,1288,0.152987
1805,1289,0.106332
1807,1290,0.133152
1809,1291,0.177496
1810,1292,0.117319
1811,1293,0.134126
1813,1294,0.125896
1815,1295,0.135880
1817,1296,0.184744
1819,1297,0.144439
1823,1298,0.122328
1825,1299,0.210594
1826,1300,0.102953
1827,1301,0.150878
1829,1302,0.104310
1830,1303,0.115705
1831,1304,0.185495
1832,1305,0.104876
1833,1306,0.166055
1834,1307,0.101059
1835,1308,0.189702
1837,1309,0.149355
1839,1310,0.127900
1841,1311,0.139423
1843,1312,0.170978
1845,1313,0.195578
1847,1314,0.118862
1849,1315,0.113920
1851,1316,0.148579
1859,1317,0.131700
1861,1318,0.135399
1863,1319,0.194633
1865,1320,0.114565
1867,1321,0.185137
1869,1322,0.145493
1871,1323,0.165292
1873,1324,0.134046
1875,1325,0.170747
1877,1326,0.202979
1879,1327,0.154049
1883,1328,0.148234
1885,1329,0.100481
1887,1330,0.133822
1889,1331,0.114815
1891,1332,0.127281
1893,1333,0.152240
1895,1334,0.174093
1898,1335,0.102188
1899,1336,0.112620
1901,1337,0.123949
1903,1338,0.188006
1905,1339,0.176729
1907,1340,0.120483
1909,1341,0.143239
1911,1342,0.135271
1915,1343,0.203060
1919,1344,0.179531
1921,1345,0.107565
1923,1346,0.202599
1925,1347,0.122622
1927,1348,0.146484
1929,1349,0.148140
1931,1350,0.159150
1933,1351,0.143119
1935,1352,0.125360
1937,1353,0.142762
1939,1354,0.134410
1941,1355,0.100800
1943,1356,0.219281
1945,1357,0.147431
1947,1358,0.189694
1949,1359,0.153529
1951,1360,0.171647
1953,1361,0.150185
1955,1362,0.178930
1957,1363,0.140171
1959,1364,0.213735
1961,1365,0.122750
1963,1366,0.126216
1965,1367,0.107327
1967,1368,0.194112
1969,1369,0.148091
1971,1370,0.103204
1973,1371,0.119160
1975,1372,0.183682
1977,1373,0.146642
1979,1374,0.124841
1981,1375,0.161997
1983,1376,0.174823
1985,1377,0.173611
1987,1378,0.142492
1989,1379,0.157693
1991,1380,0.205944
1993,1381,0.145653
1995,1382,0.220462
1997,1383,0.130849
1999,1384,0.230718
2001,1385,0.151390
2003,1386,0.161659
2005,1387,0.160681
2007,1388,0.213885
2009,1389,0.180589
2011,1390,0.159223
2013,1391,0.125010
2015,1392,0.146760
2017,1393,0.153211
2019,1394,0.223923
2021,1395,0.179697
2023,1396,0.217056
2025,1397,0.137622
2027,1398,0.196578
2029,1399,0.174210
2031,1400,0.197975
2033,1401,0.152066
2035,1402,0.207204
2037,1403,0.147380
2039,1404,0.192904
2041,1405,0.178398
2043,1406,0.221166
2045,1407,0.112896
2047,1408,0.224075
2049,1409,0.148353
2051,1410,0.220745
2053,1411,0.169382
2055,1412,0.166976
2057,1413,0.191289
2059,1414,0.215804
2061,1415,0.153806
2063,1416,0.203784
2065,1417,0.140678
2067,1418,0.163705
2069,1419,0.172673
2071,1420,0.159043
2073,1421,0.173326
2075,1422,0.182578
2079,1423,0.131681
2081,1424,0.126669
2083,1425,0.132579
2085,1426,0.131323
2087,1427,0.181934
2089,1428,0.138707
2091,1429,0.197528
2093,1430,0.154026
2095,1431,0.257524
2097,1432,0.159135
2099,1433,0.203809
2101,1434,0.173961
2103,1435,0.125655
2105,1436,0.146245
2107,1437,0.184996
2109,1438,0.179830
2111,1439,0.196827
2113,1440,0.182918
2115,1441,0.251195
2117,1442,0.149927
2119,1443,0.185847
2121,1444,0.162148
2123,1445,0.209434
2125,1446,0.137630
2127,1447,0.205907
2129,1448,0.153601
2131,1449,0.155628
2133,1450,0.135760
2135,1451,0.150452
2137,1452,0.180463
2139,1453,0.172114
2141,1454,0.166745
2143,1455,0.210401
2145,1456,0.101466
2147,1457,0.131500
2149,1458,0.131583
2151,1459,0.172385
2153,1460,0.139674
2155,1461,0.126749
2157,1462,0.114325
2159,1463,0.124440
2163,1464,0.171635
2165,1465,0.116271
2167,1466,0.150728
2169,1467,0.139302
2171,1468,0.117521
2175,1469,0.116592
2177,1470,0.125436
2179,1471,0.185132
2181,1472,0.127296
2183,1473,0.185701
2185,1474,0.109668
2187,1475,0.154627
2189,1476,0.108220
2191,1477,0.221350
2193,1478,0.119197
2195,1479,0.138199
2197,1480,0.171264
2199,1481,0.210140
2201,1482,0.102406
2203,1483,0.108913
2207,1484,0.144331
2209,1485,0.112282
2211,1486,0.106206
2213,1487,0.107813
2215,1488,0.127682
2219,1489,0.164036
2221,1490,0.130854
2223,1491,0.136398
2227,1492,0.143068
2231,1493,0.171785
2233,1494,0.109692
2235,1495,0.122983
2239,1496,0.185299
2247,1497,0.132906
2253,1498,0.130009
2255,1499,0.175727
2257,1500,0.106460
2261,1501,0.128768
2263,1502,0.103573
2267,1503,0.155384
2269,1504,0.136910
2271,1505,0.153538
2275,1506,0.121160
2277,1507,0.117168
2279,1508,0.188799
2285,1509,0.114399
2287,1510,0.115776
2293,1511,0.145221
2295,1512,0.157328
2301,1513,0.113190
2303,1514,0.115466
2307,1515,0.113148
2309,1516,0.117031
2311,1517,0.139033
2313,1518,0.125519
2319,1519,0.182188
2321,1520,0.104319
2325,1521,0.179826
2327,1522,0.158890
2329,1523,0.103180
2333,1524,0.112644
2339,1525,0.125990
2343,1526,0.138999
2347,1527,0.125706
2351,1528,0.138449
2355,1529,0.123273
2357,1530,0.120635
2359,1531,0.136760
2361,1532,0.148462
2363,1533,0.126258
2365,1534,0.105976
2367,1535,0.178893
2369,1536,0.145460
2371,1537,0.128114
2373,1538,0.128424
2375,1539,0.193708
2379,1540,0.140607
2385,1541,0.101245
2389,1542,0.141239
2391,1543,0.162067
2393,1544,0.130042
2395,1545,0.100722
2399,1546,0.169474
2401,1547,0.126312
2403,1548,0.137367
2405,1549,0.136300
2407,1550,0.185278
2411,1551,0.119421
2413,1552,0.131495
2415,1553,0.181017
2417,1554,0.111133
2419,1555,0.128267
2421,1556,0.127614
2423,1557,0.154427
2425,1558,0.133656
2427,1559,0.159408
2429,1560,0.105584
2431,1561,0.168591
2435,1562,0.122360
2437,1563,0.106463
2439,1564,0.171282
2443,1565,0.158012
2445,1566,0.130491
2447,1567,0.127553
2449,1568,0.109718
2451,1569,0.177882
2453,1570,0.143762
2455,1571,0.164770
2457,1572,0.130028
2459,1573,0.136671
2461,1574,0.109746
2463,1575,0.178968
2465,1576,0.118985
2469,1577,0.123408
2471,1578,0.136360
2475,1579,0.137050
2477,1580,0.144972
2479,1581,0.157706
2481,1582,0.123272
2483,1583,0.111216
2485,1584,0.118914
2487,1585,0.162936
2489,1586,0.111043
2491,1587,0.153422
2493,1588,0.130774
2495,1589,0.151778
2497,1590,0.141284
2501,1591,0.139218
2503,1592,0.173179
2505,1593,0.102534
2507,1594,0.170566
2509,1595,0.131565
2511,1596,0.214835
2517,1597,0.122660
2519,1598,0.143815
2523,1599,0.162978
2525,1600,0.152982
2527,1601,0.195004
2531,1602,0.112074
2533,1603,0.155883
2535,1604,0.108262
2543,1605,0.201006
2545,1606,0.137923
2551,1607,0.143321
2553,1608,0.128458
2555,1609,0.110418
2557,1610,0.137871
2559,1611,0.169156
2567,1612,0.132666
2575,1613,0.166168
2577,1614,0.108811
2579,1615,0.121384
2583,1616,0.105026
2591,1617,0.171045
2593,1618,0.140550
2599,1619,0.125312
2603,1620,0.147391
2605,1621,0.133406
2615,1622,0.128415
2631,1623,0.136142
2635,1624,0.106692
2639,1625,0.123607
2645,1626,0.115214
2647,1627,0.141039
2651,1628,0.103919
2653,1629,0.116761
2655,1630,0.143208
2661,1631,0.141412
2663,1632,0.145269
2671,1633,0.188524
2677,1634,0.127213
2679,1635,0.128168
2687,1636,0.154358
2691,1637,0.101869
2695,1638,0.189892
2701,1639,0.116926
2703,1640,0.134827
2709,1641,0.123249
2711,1642,0.112717
2715,1643,0.120693
2719,1644,0.181607
2727,1645,0.119421
2729,1646,0.131876
2733,1647,0.149577
2735,1648,0.171974
2739,1649,0.111536
2743,1650,0.131380
2747,1651,0.143406
2749,1652,0.110306
2751,1653,0.145516
2753,1654,0.100794
2755,1655,0.144757
2765,1656,0.119245
2767,1657,0.163801
2771,1658,0.108651
2775,1659,0.123027
2779,1660,0.148135
2791,1661,0.156197
2797,1662,0.105896
2799,1663,0.147371
2801,1664,0.108598
2807,1665,0.104992
2815,1666,0.145826
2821,1667,0.102704
2827,1668,0.128201
2829,1669,0.151899
2831,1670,0.156773
2835,1671,0.120754
2839,1672,0.140988
2843,1673,0.106387
2847,1674,0.154094
2855,1675,0.127430
2861,1676,0.111862
2863,1677,0.175753
2879,1678,0.163918
2883,1679,0.116293
2895,1680,0.155101
2903,1681,0.136969
2911,1682,0.180844
2915,1683,0.122527
2919,1684,0.113236
2923,1685,0.119318
2927,1686,0.123211
2935,1687,0.127143
2939,1688,0.108032
2943,1689,0.163228
2959,1690,0.157651
2965,1691,0.125049
2974,1692,-0.107979
2975,1693,0.182159
2979,1694,0.105663
2991,1695,0.105862
3003,1696,0.105011
3005,1697,0.109583
3007,1698,0.141299
3013,1699,0.107372
3015,1700,0.150760
3019,1701,0.113704
3021,1702,0.103422
3023,1703,0.144044
3039,1704,0.150414
3047,1705,0.102518
3055,1706,0.121721
3059,1707,0.122473
3063,1708,0.132702
3071,1709,0.107074
